Index,Name,Month,SkillIndex,FrontImg,BackImg
1001,test1,1,2001,test (1),testBack
1002,test2,2,2001,test (2),testBack
1003,test3,3,2001,test (3),testBack
1004,test4,4,2001,test (4),testBack
1005,test5,5,2001,test (5),testBack
1006,test6,6,2001,test (6),testBack
1007,test7,7,2001,test (7),testBack
1008,test8,8,2001,test (8),testBack
1009,test9,9,2001,test (9),testBack
1010,test10,10,2001,test (10),testBack
1011,test11,11,2001,test (11),testBack
1012,test12,12,2001,test (12),testBack
1013,test13,1,2001,test (1),testBack
1014,test14,2,2001,test (2),testBack
1015,test15,3,2001,test (3),testBack
1016,test16,4,2001,test (4),testBack
1017,test17,5,2001,test (5),testBack
1018,test18,6,2001,test (6),testBack
1019,test19,7,2001,test (7),testBack
1020,test20,8,2001,test (8),testBack
1021,test21,9,2001,test (9),testBack
1022,test22,10,2001,test (10),testBack
1023,test23,11,2001,test (11),testBack
1024,test24,12,2001,test (12),testBack
1025,enemyTest,1,1001,test (1),testBack
